alpha3;nombre
AFG;Afganistán
ALB;Albania
DEU;Alemania
AND;Andorra
AGO;Angola
AIA;Anguila
ATA;Antártida
ATG;Antigua y Barbuda
SAU;Arabia Saudita
DZA;Argelia
ARG;Argentina
ARM;Armenia
ABW;Aruba
AUS;Australia
AUT;Austria
AZE;Azerbaiyán
BHS;Bahamas
BHR;Bahrein
BGD;Bangladesh
BRB;Barbados
BLR;Belarús
BEL;Bélgica
BLZ;Belice
BEN;Benin
BMU;Bermuda
BTN;Bhután
BOL;Bolivia (Estado Plurinacional de)
BES;Bonaire, San Eustaquio y Saba
BIH;Bosnia y Herzegovina
BWA;Botswana
BRA;Brasil
BRN;Brunei Darussalam
BGR;Bulgaria
BFA;Burkina Faso
BDI;Burundi
CPV;Cabo Verde
KHM;Camboya
CMR;Camerún
CAN;Canadá
TCD;Chad
CZE;Chequia
CHL;Chile
CHN;China
HKG;China, región administrativa especial de Hong Kong
MAC;China, región administrativa especial de Macao
CYP;Chipre
COL;Colombia
COM;Comoras
COG;Congo
CRI;Costa Rica
CIV;Côte d’Ivoire
HRV;Croacia
CUB;Cuba
CUW;Curazao
DNK;Dinamarca
DJI;Djibouti
DMA;Dominica
ECU;Ecuador
EGY;Egipto
SLV;El Salvador
ARE;Emiratos Árabes Unidos
ERI;Eritrea
SVK;Eslovaquia
SVN;Eslovenia
ESP;España
PSE;Estado de Palestina (el) *
USA;Estados Unidos de América
EST;Estonia
SWZ;Eswatini
ETH;Etiopía
RUS;Federación de Rusia
FJI;Fiji
PHL;Filipinas
FIN;Finlandia
FRA;Francia
GAB;Gabón
GMB;Gambia
GEO;Georgia
SGS;Georgia del Sur y las Islas Sandwich del Sur
GHA;Ghana
GIB;Gibraltar
GRD;Granada
GRC;Grecia
GRL;Groenlandia
GLP;Guadalupe
GUM;Guam
GTM;Guatemala
GUF;Guayana Francesa
GGY;Guernsey
GIN;Guinea
GNQ;Guinea Ecuatorial
GNB;Guinea-Bissau
GUY;Guyana
HTI;Haití
HND;Honduras
HUN;Hungría
IND;India
IDN;Indonesia
IRN;Irán (República Islámica del)
IRQ;Iraq
IRL;Irlanda
BVT;Isla Bouvet
CXR;Isla Christmas
IMN;Isla de Man
NFK;Isla Norfolk
ISL;Islandia
ALA;Islas Åland
CYM;Islas Caimán
CCK;Islas Cocos (Keeling)
COK;Islas Cook (las) **
FRO;Islas Feroe
HMD;Islas Heard y McDonald
FLK;Islas Malvinas (Falkland)
MNP;Islas Marianas Septentrionales
MHL;Islas Marshall
UMI;Islas menores alejadas de Estados Unidos
SLB;Islas Salomón
SJM;Islas Svalbard y Jan Mayen
TCA;Islas Turcas y Caicos
VGB;Islas Vírgenes Británicas
VIR;Islas Vírgenes de los Estados Unidos
WLF;Islas Wallis y Futuna
ISR;Israel
ITA;Italia
JAM;Jamaica
JPN;Japón
JEY;Jersey
JOR;Jordania
KAZ;Kazajstán
KEN;Kenya
KGZ;Kirguistán
KIR;Kiribati
KWT;Kuwait
LSO;Lesotho
LVA;Letonia
LBN;Líbano
LBR;Liberia
LBY;Libia
LIE;Liechtenstein
LTU;Lituania
LUX;Luxemburgo
MKD;Macedonia del Norte
MDG;Madagascar
MYS;Malasia
MWI;Malawi
MDV;Maldivas
MLI;Malí
MLT;Malta
MAR;Marruecos
MTQ;Martinica
MUS;Mauricio
MRT;Mauritania
MYT;Mayotte
MEX;México
FSM;Micronesia (Estados Federados de)
MCO;Mónaco
MNG;Mongolia
MNE;Montenegro
MSR;Montserrat
MOZ;Mozambique
MMR;Myanmar
NAM;Namibia
NRU;Nauru
NPL;Nepal
NIC;Nicaragua
NER;Níger
NGA;Nigeria
NIU;Niue **
NOR;Noruega
NCL;Nueva Caledonia
NZL;Nueva Zelandia
OMN;Omán
NLD;Países Bajos
PAK;Pakistán
PLW;Palau
PAN;Panamá
PNG;Papua Nueva Guinea
PRY;Paraguay
PER;Perú
PCN;Pitcairn
PYF;Polinesia Francesa
POL;Polonia
PRT;Portugal
PRI;Puerto Rico
QAT;Qatar
GBR;Reino Unido de Gran Bretaña e Irlanda del Norte
SYR;República Árabe Siria
CAF;República Centroafricana
KOR;República de Corea
MDA;República de Moldova
COD;República Democrática del Congo
LAO;República Democrática Popular Lao
DOM;República Dominicana
PRK;República Popular Democrática de Corea
TZA;República Unida de Tanzanía
REU;Reunión
ROU;Rumania
RWA;Rwanda
ESH;Sáhara Occidental
KNA;Saint Kitts y Nevis
WSM;Samoa
ASM;Samoa Americana
BLM;San Barthélemy
SMR;San Marino
MAF;San Martín (parte francesa)
SXM;San Martín (parte Holandesa)
SPM;San Pedro y Miquelón
VCT;San Vicente y las Granadinas
SHN;Santa Elena
LCA;Santa Lucía
VAT;Santa Sede (la) *
STP;Santo Tomé y Príncipe
SEN;Senegal
SRB;Serbia
SYC;Seychelles
SLE;Sierra Leona
SGP;Singapur
SOM;Somalia
LKA;Sri Lanka
ZAF;Sudáfrica
SDN;Sudán
SSD;Sudán del Sur
SWE;Suecia
CHE;Suiza
SUR;Suriname
THA;Tailandia
TWN;Taiwán
TJK;Tayikistán
IOT;Territorio Británico del Océano Índico
ATF;Territorio de las Tierras Australes Francesas
TLS;Timor-Leste
TGO;Togo
TKL;Tokelau
TON;Tonga
TTO;Trinidad y Tabago
TUN;Túnez
TUR;Türkiye
TKM;Turkmenistán
TUV;Tuvalu
UKR;Ucrania
UGA;Uganda
URY;Uruguay
UZB;Uzbekistán
VUT;Vanuatu
VEN;Venezuela (República Bolivariana de)
VNM;Viet Nam
YEM;Yemen
ZMB;Zambia
ZWE;Zimbabwe
